Period,Sub_Period,existing,new
5,1,24078058.1581996,2872050.73353885
5,2,22670735.5279014,2722157.62066002
5,3,25858187.5340279,3098095.87189298
5,4,26288436.9017798,3150602.99152403
5,5,26501400.9147912,3172545.04934372
5,6,23303548.4626404,2814269.98232701
5,7,20583812.1649828,2486631.56411312
5,8,20160031.5807511,2434261.23426516
5,9,20888455.2605333,2517523.25203028
5,10,20891395.2422746,2491340.43726517
4,11,21057160.6202499,2527338.50162345
4,12,20415891.8436663,2446154.75558301
